Time_s,Altitude_m,Velocity_ms,Acceleration_ms2,Pressure_Pa
0.0,-2.8923562592392615,2.2330618387078824,209.8292989506562,102034
0.011000000000000003,-2.855139189107501,4.5276848620839765,207.43723458173054,102034
0.015000000000000006,-2.8353758792785118,5.353177546868274,205.30910781041865,102029
0.026000000000000002,-2.7641072358993983,7.59876428980579,202.91704344149292,102029
0.031000000000000007,-2.7235882345664613,8.607597953458951,200.72241270857754,102022
0.041,-2.627510598689045,10.60297606238409,198.31649334765106,102022
0.046000000000000006,-2.5720262615391687,11.589520507656076,196.1606565923377,102016
0.057,-2.4327152246457078,13.733765604353868,193.72702724740986,102016
0.062000000000000006,-2.3616363777016662,14.696534883352609,191.54001676009483,102011
0.07200000000000001,-2.2051300163718586,16.599784222968907,189.10985116316712,102011
0.07700000000000001,-2.119776799380694,17.540264283586474,186.92284067585214,102011
0.08800000000000002,-1.9155649600063174,19.583167734044544,184.51415031652544,102011
0.093,-1.8153542633754594,20.499872628388854,182.32713982921032,102012
0.10300000000000001,-1.6012751684418316,22.310993198696316,179.89697423228256,102012
0.10800000000000001,-1.4874810675336667,23.205408874659458,177.70996374496767,102016
0.11900000000000002,-1.221510016711806,25.146970678877807,175.27633440003964,102016
0.124,-1.0935954663184173,26.017611188567695,173.12049764472644,102017
0.134,-0.8247996296295468,27.736602989566318,170.71457828380017,102017
0.139,-0.6839926407286668,28.584954280875042,168.51994755088475,102017
0.15000000000000002,-0.3594039694927537,30.425174438853663,166.12788318195905,102017
0.154,-0.23638117616788423,31.08542971803887,163.99975641064725,102014
0.165,0.11544302533441962,32.87661359557891,161.60769204172186,102014
0.17,0.28183490630372565,33.67890050223321,159.41306130880687,102012
0.18000000000000002,0.6265601000988965,35.26118509716064,157.0071419478807,102012
0.185,0.8048191155301573,36.041182785433776,154.85130519256742,102011
0.196,1.210599221719487,37.73102501673409,152.4176758476393,102011
0.201,1.401147998832932,38.48724753873398,150.23066536032442,102016
0.21100000000000002,1.7934960191465659,39.97740336435257,147.8004997633967,102016
0.21600000000000003,1.9952209649521513,40.71133666797128,145.61348927608145,102019
0.22700000000000004,2.4518153847950748,42.29983725303187,143.17985993115332,102019
0.23199999999999998,2.6650930621283715,43.00999539037733,141.02402317583994,102017
0.242,3.1022079171118944,44.408022446687085,138.61810381491375,102017
0.247,3.3259707973675168,45.095891365651376,136.44841206759983,102009
0.258,3.830237939830603,46.58305030447223,134.0251739666722,102009
0.262,4.017635464822195,47.11491968578189,131.87280095935853,101997
0.273,4.543842219264307,48.55304234416419,129.46341785043168,101997
0.278,4.788215038045676,49.19484687847405,127.25839587351558,101984
0.28900000000000003,5.337013312095494,50.5806641710552,124.84901276458906,101984
0.293,5.540327589537969,51.07568204464131,122.69663975727589,101974
0.304,6.109545350873214,52.412463056783885,120.27340165634874,101974
0.309,6.373100112256048,53.008203206439326,118.10370990903509,101964
0.319,6.909052865523291,54.177394287369054,115.69779054810896,101964
0.324,7.1813765600130965,54.750845218643335,113.54195379279582,101955
0.335,7.7904637372080465,55.986284584546176,111.1083244478678,101955
0.34,8.071772445268056,56.5359603495472,108.92131396055258,101942
0.35000000000000003,8.642542126119835,57.61302266116809,106.49114836362499,101942
0.35500000000000004,8.931928801516998,58.14040920778794,104.30413787630957,101925
0.366,9.577743803538217,59.27450692745105,101.87050853138182,101925
0.371,9.875378462351112,59.778118307797655,99.71467177606856,101908
0.381,10.478109078938852,60.7630518501097,97.3087524151426,101908
0.386,10.783130739319091,61.24437401207513,95.13906066782917,101891
0.397,11.462531975133151,62.277130085498534,92.71582256690182,101891
0.401,11.712375344437653,62.64376206120912,90.5634495595883,101875
0.41200000000000003,12.406900149249774,63.62748185419391,88.15406645066162,101875
0.41700000000000004,12.726128798688796,64.06273963150493,85.94904447374522,101862
0.428,13.435974677262266,64.9941540586886,83.53966136481866,101862
0.432,13.69661243944408,65.32393452667563,81.38728835750565,101850
0.443,14.420061762322014,66.20631267342071,78.96405025657882,101850
0.448,14.752069404895536,66.5955060660773,76.7943585092647,101837
0.458,15.421829719189171,67.35160363300932,74.38843914833849,101837
0.463,15.759508093514683,67.71850780728475,72.23260239302529,101820
0.47400000000000003,16.508740343425,68.49954430779012,69.79897304809707,101820
0.47900000000000004,16.852098983208734,68.84267331579228,67.61196256078094,101804
0.48900000000000005,17.543870326152973,69.50664211341545,65.18179696385295,101804
0.49400000000000005,17.89220873191888,69.82748190303646,62.994786476537705,101787
0.505,18.66408231782815,70.5071767573021,60.561157131610344,101787
0.51,19.0173639588978,70.80424138064984,58.405320376297155,101771
0.5199999999999999,19.728290338644065,71.37608140896418,55.99940101537098,101771
0.5249999999999999,20.08586077992608,71.65085681393077,53.829709268057286,101757
0.5359999999999999,20.877234110800867,72.22921002195667,51.40647116713034,101757
0.5399999999999999,21.16655532504,72.43060459206816,49.25409815981688,101745
0.5509999999999999,21.966236181931887,72.9599215196555,46.84471505089026,101745
0.5559999999999999,22.331610662805726,73.18863253996767,44.639693073974236,101733
0.567,23.1393421476126,73.66564410175384,42.23030996504796,101733
0.571,23.43433539515547,73.83018716414179,40.07793695773464,101719
0.582,24.24885428128585,74.25816244548939,37.6546988568074,101719
0.587,24.62060480582722,74.44080908114715,35.48500710949311,101706
0.597,25.366752682701563,74.78381313408146,33.07908774856733,101706
0.602,25.74107573763994,74.94417055135801,30.923250993254918,101692
0.613,26.567291061975375,75.2708041864659,28.489621648327283,101692
0.618,26.943989634259985,75.40738643746923,26.302611161011942,101674
0.628,27.699342640851015,75.65826172109469,23.872445564084227,101674
0.633,28.077922777762815,75.77255475371685,21.685435076769494,101657
0.6439999999999999,28.91269294926987,75.997846742585,19.251805731841195,101657
0.6489999999999999,29.292911573373452,76.0883646089339,17.09596897652646,101643
0.6589999999999999,30.05461371783257,76.24711112325052,14.690049615599527,101643
0.6639999999999999,30.436022940793514,76.31533977121825,12.52035786828518,101629
0.6749999999999999,31.276206368438782,76.43929011384668,10.097119767358063,101629
0.6789999999999999,31.582037428234276,76.47544727835908,7.94474676004525,101616
0.69,32.42371233891567,76.55036134054893,5.535363651119048,101616
0.695,32.80652265200148,76.57252560386225,3.3303416742029883,101602
0.706,33.64897774475151,76.59513430025095,0.9209585652766198,101602
0.71,33.95535847827718,76.59443995703982,-1.2314144420365851,101587
0.721,34.79778492936975,76.56801237298995,-3.6546525429637895,101587
0.726,35.180568336656115,76.54411225164883,-5.8654723386181615,101572
0.736,35.9456837776655,76.47402279058544,-8.343365784139001,101572
0.741,36.32794151399389,76.42783345086315,-10.699816019687164,101558
0.752,37.167977914464196,76.30006422057355,-13.0096042412803,101558
0.757,37.549306420026845,76.23009971457802,-14.827147761009298,101545
0.7669999999999999,38.310821091818966,76.06788148420577,-16.354324207721366,101545
0.7719999999999999,38.69093908701936,75.97930357914944,-17.311149071363538,101533
0.7829999999999999,39.52563846821426,75.7841572731403,-17.922120407368297,101533
0.7879999999999999,39.90433721755278,75.69532944546104,-18.03435013851117,101522
0.7979999999999999,40.660401322554364,75.51743948764359,-18.037934498080848,101522
0.8029999999999999,41.03776589720924,75.42837735750534,-17.865383892446076,101509
0.814,41.866399230842575,75.23216575631606,-17.849728726825536,101509
0.818,42.16718502374105,75.16072236217273,-17.872354297610958,101494
0.829,42.99287131736595,74.9639952955737,-17.89768153777515,101494
0.834,43.36746746049778,74.87444894035359,-17.920860550266536,101478
0.845,44.19000172241895,74.67717204398416,-17.9461877904315,101478
0.849,44.48856676570798,74.60534126977532,-17.96881336121765,101461
0.86,45.308138008193026,74.40754890799614,-17.99428624393721,101461
0.865,45.679950708824265,74.31751832769415,-18.01709386791608,101444
0.875,46.422224675121946,74.1372228646312,-18.042384697442774,101444
0.88,46.79268515978022,74.04695798187024,-18.065046678867485,101428
0.8909999999999999,47.60610832697481,73.8481003249109,-18.090628793502358,101428
0.8959999999999999,47.97512257412791,73.75758551952703,-18.11361847067322,101413
0.9059999999999999,48.711792370093114,73.5763216063003,-18.139164174669354,101413
0.9109999999999999,49.07944713789701,73.48557249845746,-18.162153851841385,101400
0.9219999999999999,49.886689205650576,73.28564954631798,-18.187735966476605,101400
0.9269999999999999,50.25288998834801,73.19465051585223,-18.21039794790126,101389
0.9369999999999999,50.98392559202565,73.01241815246175,-18.235688777428397,101389
0.942,51.34875963199765,72.921184819537,-18.25875855800552,101376
0.953,52.1497875761596,72.7201965722174,-18.283903744978176,101376
0.957,52.44052201839725,72.64701621584486,-18.30627444129385,101363
0.9679999999999999,53.23853127285882,72.4455125031155,-18.33141962826585,101363
0.973,53.600529574021394,72.35379494510887,-18.354489408841996,101351
0.983,54.323149436716186,72.17012552663665,-18.379780238368355,101351
0.9879999999999999,54.68377021724021,72.07817366617108,-18.402442219792675,101337
0.999,55.475516344531904,71.87560465826158,-18.42802433442731,101337
1.004,55.8346638959075,71.78340287517307,-18.45101401159899,101323
1.014,56.551574995652096,71.59876500653708,-18.47655971559526,101323
1.0190000000000001,56.90933776301294,71.50632892098962,-18.499549392766752,101309
1.03,57.694787738984125,71.30269461789997,-18.52513150740145,101309
1.0350000000000001,58.051069529595225,71.21000860972958,-18.547793488825448,101298
1.0450000000000002,58.762241844434584,71.02440229092984,-18.5730843183526,101298
1.05,59.11713158765466,70.93148198030049,-18.595891942332457,101287
1.0610000000000002,59.89625238815481,70.7267823820307,-18.621364825051977,101287
1.0650000000000002,60.17901047446736,70.65225244349446,-18.643990395837527,101275
1.076,60.95505691500285,70.44703737981492,-18.66931763600251,101275
1.081,61.30705862310464,70.35363284410367,-18.692496648494323,101263
1.092,62.07981722398311,70.14786795065373,-18.71782388865879,101263
1.096,62.36025887781005,70.072950632052,-18.740449459444168,101248
1.107,63.12992713929618,69.8666702731923,-18.765922342163314,101248
1.112,63.479025801302186,69.77278151239918,-18.7887299661426,101236
1.122,64.17581381764202,69.58476968835396,-18.814020795670043,101236
1.127,64.52350239096765,69.49064662510186,-18.83668277709554,101224
1.1380000000000001,65.28675944925386,69.28330097106203,-18.862264891730472,101224
1.143,65.63294005418649,69.18892798518702,-18.885254568901743,101213
1.153,66.32388469300338,68.999947710978,-18.91080027289801,101213
1.1580000000000001,66.66864794587944,68.90534042264403,-18.93378995006852,101202
1.169,67.42546077681511,68.69692947342406,-18.95937206470282,101202
1.1740000000000002,67.76870831369688,68.60207226246717,-18.98203404612678,101190
1.1840000000000002,68.45377955303574,68.41212353809439,-19.007324875653207,101190
1.189,68.79560247448468,68.31703202467854,-19.03039465623,101178
1.2,69.54593805391922,68.10755578027842,-19.05553984320283,101178
1.204,69.81821575990033,68.03128887951297,-19.07791053952006,101167
1.215,70.56540532967831,67.8212971697031,-19.10305572649277,101167
1.22,70.90427290872259,67.72572143120536,-19.126125507069663,101153
1.23,71.58057345447344,67.53433565175088,-19.151416336596156,101153
1.235,71.91800564017183,67.43852561079414,-19.17407831802019,101141
1.246,72.6586689548704,67.22746860580413,-19.19966043265496,101141
1.2510000000000001,72.9945661805325,67.1314086422245,-19.222650109825928,101128
1.2610000000000001,73.66491875614271,66.93905441260625,-19.24819581382219,101128
1.266,73.99937332508266,66.84276014656764,-19.271185490993794,101115
1.2770000000000001,74.73347736055128,66.63063784639749,-19.296767605629114,101115
1.282,75.06638922185361,66.53409365773598,-19.31942958705434,101104
1.292,75.73076380536811,66.34077097795397,-19.344720416581236,101104
1.2970000000000002,76.0622257465721,66.24399248683346,-19.36779019715795,101094
1.308,76.78973747866014,66.03080489148317,-19.392935384130464,101094
1.312,77.05370548192172,65.95318840855401,-19.415306080446694,101083
1.3230000000000002,77.77801553408894,65.73948534779397,-19.44045126741879,101083
1.328,78.10646983657941,65.6422226315916,-19.463521047994373,101070
1.338,78.76191852455707,65.44746289672786,-19.488811877520714,101070
1.343,79.08891212903607,65.34996587806651,-19.511473858945404,101058
1.354,79.80658087424445,65.13519752212632,-19.537055973580152,101058
1.359,80.13201252704386,65.03745058084206,-19.560045650751547,101046
1.369,80.78140865226322,64.84172239581456,-19.585591354748132,101046
1.374,81.10537234367494,64.74374115207131,-19.608581031919865,101036
1.385,81.81636675777385,64.52790750095099,-19.63416314655516,101036
1.3900000000000001,82.1387607499047,64.42967633458484,-19.656825127980042,101026
1.4000000000000001,82.78207429041068,64.23297969939357,-19.6821159575066,101026
1.405,83.10299305777757,64.13451423056844,-19.704923581485236,101014
1.4160000000000001,83.8072801166165,63.917615284267974,-19.73039646420501,101014
1.4200000000000002,84.06279266228488,63.83864921917512,-19.753022034991798,101003
1.431,84.7638223709387,63.62123480746491,-19.77834927515673,101003
1.4360000000000002,85.08168120328328,63.52228511355789,-19.801528287648285,100990
1.447,85.77922788271158,63.30432087207729,-19.82685552781315,100990
1.451,86.03228647597105,63.224967426918916,-19.849481098599007,100978
1.462,86.72655982578658,63.00648772002857,-19.87495398131837,100978
1.467,87.04134371213127,62.90705380103968,-19.897761605297216,100964
1.477,87.66941899977554,62.70795166060292,-19.92305243482344,100964
1.482,87.98270962006693,62.60828343915505,-19.945714416248176,100951
1.493,88.67019358689357,62.38873843708455,-19.971296530883535,100951
1.498,88.98188751626083,62.28882029301378,-19.994286208055204,100937
1.508,89.60377562657403,62.08874970241325,-20.019831912050943,100937
1.5130000000000001,89.91396902651175,61.9885972558835,-20.042821589221653,100924
1.524,90.5946305861989,61.76798695863285,-20.0684037038565,100924
1.5290000000000001,90.90321954761122,61.66758458948019,-20.09106568528046,100914
1.5390000000000001,91.51889045863825,61.46654554871589,-20.116356514806974,100914
1.544,91.82597162724481,61.36590887710427,-20.140314599707857,100903
1.5550000000000002,92.4997777556419,61.144233284673476,-20.16701431924762,100903
1.5590000000000002,92.74419329938746,61.063530257351424,-20.1937179666573,100893
1.57,93.41467042790751,60.84133919951088,-20.216188370609252,100893
1.575,93.7186243542053,60.74021830281736,-20.23127821733966,100881
1.585,94.32501441709032,60.537742206971345,-20.23706583192554,100881
1.59,94.62744990498963,60.43646640001783,-20.233157644008358,100871
1.601,95.29102680219361,60.213943630915686,-20.219906054603396,100871
1.606,95.59184394268131,60.11292601141272,-20.198090648665843,100860
1.616,96.19196396790882,59.91113282314165,-20.171231332557834,100860
1.621,96.49126765948442,59.81035725437355,-20.14326195166439,100851
1.6320000000000001,97.14796340896838,59.588935009279325,-20.116216369789896,100851
1.637,97.44565675694334,59.48841762796179,-20.09246643443636,100838
1.647,98.0395367007182,59.28762491606157,-20.066075945610365,100838
1.6520000000000001,98.33572410335388,59.18734958547888,-20.042326010256218,100828
1.663,98.98557282136203,58.9670278643926,-20.0158979067086,100828
1.6680000000000001,99.28015788420802,58.86701072126046,-19.992486503851094,100815
1.6780000000000002,99.86782876129772,58.6672184857311,-19.96635931807795,100815
1.683,100.1609153823772,58.56744339333384,-19.942526630335664,100803
1.6940000000000002,100.80395118515382,58.3482221962555,-19.91654990344974,100803
1.6980000000000002,101.03718481676907,58.268602217611864,-19.89343941836691,100792
1.709,101.67693629542661,58.049913532150256,-19.867462691481162,100792
1.714,101.96693764233366,57.95063867793843,-19.84363000373926,100783
1.724,102.54545222187936,57.75233102024966,-19.817502817966005,100783
1.729,102.83396626135372,57.65329821677271,-19.7940914151079,100774
1.74,103.4669554488841,57.43571005531904,-19.76766331156014,100774
1.745,103.75388702900244,57.336935439292624,-19.743913376206333,100763
1.7550000000000001,104.32626957854355,57.13962825797471,-19.717522887380284,100763
1.76,104.61172135480203,57.041095692683186,-19.6937729520258,100753
1.7710000000000001,105.23798236744945,56.824608055237434,-19.667344848477875,100753
1.776,105.52185968816285,56.72633367739645,-19.643933445619812,100742
1.786,106.08814122246683,56.53002697244937,-19.617806259846713,100742
1.7910000000000001,106.37054624289316,56.43199464534328,-19.594244398101782,100731
1.802,106.99011319690192,56.21660753190547,-19.56792913871946,100731
1.806,107.21482315828419,56.13838176549475,-19.54455535058332,100719
1.8170000000000002,107.8311632994285,55.923527163673675,-19.518390550088714,100719
1.822,108.11053707140638,55.825995074752996,-19.49444501818146,100707
1.833,108.72344408302065,55.611708485323106,-19.468280217686274,100707
1.837,108.94573524859776,55.533882909460736,-19.444906429550493,100694
1.848,109.55543195520768,55.32012883164758,-19.418591170168327,100694
1.853,109.83178998612092,55.22309698091234,-19.395029308423457,100682
1.863,110.38305157873113,55.029275330176716,-19.368902122650532,100682
1.868,110.65795594726384,54.932485530176336,-19.345490719792306,100670
1.879,111.26104333558371,54.719831976371125,-19.319062616244423,100670
1.8840000000000001,111.53440113281603,54.62330036382129,-19.295312680890365,100660
1.8940000000000001,112.07966976163716,54.43047918945651,-19.26892219206444,100660
1.899,112.35158140006176,54.33418962764158,-19.245172256710237,100651
1.9100000000000001,112.9480935863358,54.122636597844284,-19.218744153162795,100651
1.915,113.21846665727092,54.026605223479876,-19.19533275030508,100642
1.925,113.7577733370705,53.834784525485944,-19.16920556453196,100642
1.9300000000000002,114.02670775277072,53.73899520185642,-19.145643702786877,100632
1.941,114.61667885324313,53.528542696067056,-19.1193284434046,100632
1.945,114.83064014408765,53.45211133243761,-19.095954655268077,100623
1.9560000000000002,115.41745845081037,53.24219133826498,-19.06978985477337,100623
1.961,115.68343115116993,53.14690225282089,-19.045844322866262,100615
1.9720000000000002,116.26689528208502,52.937550271039456,-19.019679522371717,100615
1.9760000000000002,116.4784934036105,52.86151909795834,-18.996305734235815,100605
1.9869999999999999,117.058821248636,52.652699627793666,-18.969990474853734,100605
1.9920000000000002,117.32184774103868,52.557910780534975,-18.946428613108516,100597
2.002,117.84647990167984,52.3685751367525,-18.920301427335517,100597
2.0069999999999997,118.10808637675416,52.27402834022872,-18.89689002447736,100589
2.018,118.68195787632665,52.06630939407196,-18.870461920929678,100589
2.0229999999999997,118.9420536681562,51.9720207849987,-18.84671198557527,100581
2.033,119.46083193122384,51.78368561758706,-18.820321496749763,100581
2.038,119.7195152092978,51.6896390592487,-18.796571561395854,100572
2.049,120.28696447966153,51.48302063709986,-18.77014345784862,100572
2.054,120.54414507830168,51.389232266212026,-18.74673205499036,100564
2.064,121.05710045856334,51.201897575171245,-18.720604869217418,100564
2.069,121.31287604702065,51.10835125501829,-18.697043007472235,100556
2.0799999999999996,121.87393720441992,50.9028333568774,-18.670727748090286,100556
2.0839999999999996,122.07739924671324,50.82819639602921,-18.6473539599542,100546
2.0949999999999998,122.63538162947754,50.62321100950505,-18.621189159459473,100546
2.0999999999999996,122.88826503570199,50.53016492753752,-18.597243627551826,100535
2.1109999999999998,123.44297219638102,50.325747553404554,-18.571078827057182,100535
2.1149999999999998,123.64412669584155,50.2515107831047,-18.547705038921286,100525
2.126,124.19577158974569,50.047625920588466,-18.521389779539216,100525
2.131,124.44577832112105,49.95508007680637,-18.497827917793714,100515
2.141,124.94440460475971,49.77023043997703,-18.47170073202071,100515
2.146,125.19302496385882,49.677926646929805,-18.448289329162474,100503
2.157,125.7383664851471,49.47514230842151,-18.421590399617795,100503
2.162,125.98551204905706,49.38309670282483,-18.3981789967601,100494
2.1719999999999997,126.47842350133773,49.199247542366344,-18.372051810987482,100494
2.177,126.72419019654426,49.10744398750454,-18.348489949242364,100484
2.1879999999999997,127.26326246146094,48.9057601730042,-18.32217468986051,100484
2.1919999999999997,127.45873899944321,48.83251742438891,-18.298800901724658,100474
2.203,127.99479000097946,48.63136612150528,-18.27263610122992,100474
2.2079999999999997,128.23771853967716,48.54006280482891,-18.248690569321777,100465
2.219,128.77055566446643,48.33947951433647,-18.222525768826703,100465
2.223,128.96376788019515,48.26663695626954,-18.199151980690136,100456
2.234,129.49360024946415,48.06658617739383,-18.172836721307863,100456
2.239,129.73370613903674,47.97578309890289,-18.14927485956269,100448
2.2489999999999997,130.21255688054927,47.794418992655864,-18.123147673790037,100448
2.254,130.45130253932498,47.70385796489978,-18.099736270932457,100440
2.2649999999999997,130.97495039257097,47.50490771003202,-18.07330816738536,100440
2.27,131.21224914040224,47.41460486972648,-18.04955823203147,100433
2.28,131.68549310200484,47.234241239850306,-18.02316774320595,100433
2.2849999999999997,131.92143912261201,47.144180450279656,-17.999417807851252,100427
2.296,132.43893657607921,46.94633071941982,-17.97298970430353,100427
2.3009999999999997,132.6734436895529,46.85652811729972,-17.949578301445804,100419
2.311,133.14111188601308,46.67716496379437,-17.923451115672982,100419
2.316,133.3742737758354,46.58760441240915,-17.89988925392803,100410
2.327,133.8856549457681,46.390855205557244,-17.87357399454617,100410
2.331,134.07107545268616,46.31940685972322,-17.850200206409916,100400
2.3419999999999996,134.57950937835315,46.123190164488065,-17.824035405914813,100400
2.347,134.80990264477447,46.034129851288256,-17.800360700004024,100390
2.3579999999999997,135.3152016474168,45.83848116844428,-17.773857367012784,100390
2.3619999999999997,135.49841345856757,45.767433013158616,-17.750220275823335,100381
2.3729999999999998,136.0007817248044,45.572316841931375,-17.723716942832045,100381
2.3779999999999997,136.2284218752084,45.483756766917,-17.70004223692177,100373
2.389,136.72767282680468,45.28920860808095,-17.673877436427382,100373
2.393,136.90868834809507,45.218560643343615,-17.65050364829173,100366
2.404,137.405025071146,45.024544996124305,-17.6241883889098,100366
2.409,137.6299276129164,44.936485159295344,-17.60062652716472,100357
2.419,138.0784128074495,44.76060753637231,-17.57449934139196,100357
2.424,138.30199626704794,44.672789750278234,-17.5510879385343,100349
2.435,138.79233556315725,44.47987462706687,-17.5246598349867,100349
2.44,139.01451600367778,44.392315028423326,-17.500909899631974,100341
2.4499999999999997,139.45756449928396,44.21743788187114,-17.474519410806053,100341
2.4549999999999996,139.6784333612054,44.130120333962495,-17.450769475451608,100336
2.4659999999999997,140.16280934661722,43.93830573475904,-17.424341371904163,100336
2.4709999999999996,140.38228319327172,43.851246374300935,-17.400929969046278,100329
2.481,140.81992600471855,43.677369704119585,-17.37480278327359,100329
2.4859999999999998,141.03809577634672,43.590552394396354,-17.350970095531785,100322
2.497,141.51654256730535,43.39983831920084,-17.324993368646293,100322
2.501,141.69000339586464,43.33058456669642,-17.301882883562822,100314
2.512,142.1655934695325,43.140403003117655,-17.275906156677053,100314
2.517,142.38107965825108,43.05408593157984,-17.25207346893464,100307
2.5269999999999997,142.8107582881599,42.881693839239105,-17.22594628316145,100307
2.532,143.0249515361859,42.79561881843618,-17.20253488030346,100300
2.5429999999999997,143.4946630395049,42.60653777886534,-17.17610677675593,100300
2.548,143.70748115269774,42.52072094551295,-17.152356841401357,100291
2.558,144.13183113512773,42.34932932954306,-17.125966352575638,100291
2.5629999999999997,144.34336381120073,42.26375454692556,-17.1022164172215,100284
2.574,144.80723086041522,42.07577403136265,-17.07578831367397,100284
2.5789999999999997,145.01739640546595,41.9904574361957,-17.052376910816232,100277
2.589,145.43644875518464,41.82006629659664,-17.039791024897017,100277
2.594,145.64533636668835,41.73499175216456,-17.01257301219162,100268
2.605,146.1033930780425,41.54811176060958,-16.97004580770746,100268
2.609,146.26944978879192,41.48025222033808,-16.920981164571657,100260
2.6199999999999997,146.7247072941098,41.29390474039985,-16.86340807136105,100260
2.675,148.97036561533656,40.36802496849278,-16.80609828120256,100253
2.685,149.37320913162526,40.20073207830021,-16.748374729104444,100253
2.69,149.5740039448493,40.117206658571384,-16.699009168193708,100240
2.7009999999999996,150.01428376458279,39.933734741363544,-16.656030587047262,100240
2.706,150.21374423659077,39.85046750908525,-16.628895326729623,100229
2.7159999999999997,150.61141718066725,39.68417509526355,-16.61604613775756,100229
2.7209999999999996,150.80963045957154,39.601149913720135,-16.592296202403443,100218
2.7319999999999998,151.2442397079937,39.41877852052022,-16.565868098856065,100218
2.7369999999999997,151.44112664949296,39.336011526427356,-16.542456695997863,100209
2.747,151.83366003612468,39.170719588976475,-16.51632951022483,100209
2.752,152.029307288093,39.08819464561849,-16.492496822482234,100200
2.763,152.45828008144815,38.90692377642651,-16.466520095596582,100200
2.767,152.61377611962251,38.841103917014294,-16.44340961051309,100191
2.778,153.04003384377685,38.660365559439036,-16.417432883627537,100191
2.783,153.23313057619296,38.57834085426647,-16.393600195885583,100183
2.7929999999999997,153.61809467899232,38.414533494656226,-16.36747301011312,100183
2.798,153.80996285621137,38.33275084021854,-16.34406160725582,100175
2.8089999999999997,154.23063474940298,38.15311300665123,-16.317633503708592,100175
2.814,154.42119646965062,38.07158853966408,-16.293883568353976,100167
2.824,154.8010980516858,37.908781656424686,-16.26749307952831,100167
2.8289999999999997,154.99043872030913,37.827499240172415,-16.24374314417387,100159
2.84,155.40555889878232,37.64896193061303,-16.21758586662341,100159
2.8449999999999998,155.59360111424522,37.56793770181132,-16.193835931269206,100146
2.855,155.96847119028374,37.406131294942746,-16.167445442443693,100146
2.86,156.15529985769513,37.325349116875906,-16.143695507089365,100134
2.871,156.5649024376941,37.14791233132446,-16.11726740354193,100134
2.876,156.750440655756,37.067388340708156,-16.09385600068408,100121
2.8859999999999997,157.12031024056535,36.90658241021045,-16.067728814910804,100121
2.891,157.30464241414853,36.82630047032903,-16.044166953165245,100111
2.9019999999999997,157.7087615119175,36.649964208785505,-16.017851693782987,100111
2.9059999999999997,157.85523330062688,36.58593875215455,-15.994477905646756,100101
2.917,158.2567113483099,36.41013500222776,-15.968313105152152,100101
2.9219999999999997,158.4385625354486,36.33035330053177,-15.944367573244827,100093
2.933,158.83723226723185,36.15511756299618,-15.918202772750154,100093
2.937,158.9817254697392,36.09149229691356,-15.894828984614039,100087
2.948,159.37777065929654,35.916789070994696,-15.868513725231868,100087
2.953,159.5571563673746,35.83750760748413,-15.84495186348631,100080
2.9629999999999996,159.91473957012272,35.67918673119787,-15.81882467771343,100080
2.968,160.0929378716286,35.60014731842218,-15.795413274855866,100072
2.9789999999999996,160.4835843193046,35.426544616511265,-15.768714345311414,100072
2.984,160.66052005570572,35.34776339118611,-15.745302942453506,100067
2.9939999999999998,161.01321081867272,35.1904429912707,-15.719175756680839,100067
2.9989999999999997,161.18896665207444,35.11190381668043,-15.695613894936093,100062
3.01,161.57424847411332,34.93940163877744,-15.66929863555421,100062
3.014,161.71388080096716,34.8767703943794,-15.64592484741789,100055
3.025,162.0965790841746,34.70480072809315,-15.619760046922876,100055
3.03,162.2699079568559,34.626761791688295,-15.5958145150151,100050
3.041,162.6498592695019,34.455360137793235,-15.569649714520452,100050
3.045,162.7875562307329,34.393129083943535,-15.546275926384281,100045
3.056,163.16494051240758,34.22225994166522,-15.519960667001914,100045
3.061,163.3358579317522,34.144721243445794,-15.496398805256437,100040
3.0709999999999997,163.67653069851286,33.989885897741836,-15.470271619483563,100040
3.0759999999999996,163.84628685276468,33.912589250257305,-15.446860216625833,100033
3.0869999999999997,164.2183912491509,33.74282063198691,-15.420432113078357,100033
3.0919999999999996,164.3869127225426,33.66578217195291,-15.396682177723974,100027
3.102,164.72280110097023,33.511947302619795,-15.370291688898497,100027
3.1069999999999998,164.89016881284192,33.43515089332068,-15.346541753544455,100021
3.118,165.25702744018386,33.266482799058224,-15.320113649996857,100021
3.1229999999999998,165.42316847500638,33.18994457720965,-15.296702247138597,100015
3.133,165.75430347986838,33.037110184247375,-15.27057506136559,100015
3.138,165.91929825674367,32.960814013133685,-15.247013199620397,100009
3.149,166.2809452312856,32.79324644287915,-15.220697940238413,100009
3.153,166.4119965261614,32.73240960126237,-15.197324152102706,100003
3.1639999999999997,166.7711339809866,32.56537454262459,-15.171159351608175,100003
3.169,166.93377133024927,32.48957860969631,-15.14721381970053,99996
3.1799999999999997,167.29024076823546,32.32311156344972,-15.121049019205824,99996
3.1839999999999997,167.4194123239746,32.26267491238127,-15.097675231069635,99990
3.195,167.77338875010417,32.09674037775141,-15.071359971687452,99990
3.1999999999999997,167.9336841791379,32.02144468300857,-15.047798109941956,99985
3.21,168.25314661032903,31.871095344257753,-15.02167092416892,99985
3.215,168.41231441932214,31.79604170024979,-14.99825952131076,99980
3.226,168.7611639330003,31.631207689627857,-14.97182338366995,99980
3.231,168.9191329491889,31.556412233070436,-14.948035286372034,99975
3.2409999999999997,169.2339500582624,31.40706337069047,-14.921640557330353,99975
3.246,169.39079895798318,31.332509964867928,-14.897908118446315,99971
3.2569999999999997,169.73455567545417,31.16877647825393,-14.871599187284444,99971
3.262,169.89021378618136,31.094481259881928,-14.848364177410492,99966
3.272,170.20041657833093,30.946130001684413,-14.822525638760101,99966
3.2769999999999997,170.35496205342488,30.872073243811805,-14.799310983751736,99961
3.288,170.69365995497316,30.709427327636075,-14.773439920467608,99961
3.292,170.8163795496325,30.650378455098554,-14.750521352990873,99955
3.303,171.15264168518863,30.488255572317872,-14.724836321774378,99955
3.308,171.30489901647175,30.414690148846663,-14.701325032615282,99949
3.319,171.6385716491217,30.253125168354025,-14.675625941735415,99949
3.323,171.75946682127895,30.194469363337618,-14.652668185736703,99944
3.3339999999999996,172.09071990197194,30.03342741624003,-14.626821314000418,99944
3.339,172.2407043208107,29.960353327170218,-14.603678831930944,99939
3.3489999999999998,172.5395780377457,29.81444289148291,-14.57801668626481,99939
3.3539999999999996,172.6884681283167,29.74160654486539,-14.55502198505171,99934
3.3649999999999998,173.0147456631528,29.581645533450885,-14.528798272132239,99934
3.3699999999999997,173.1624724009136,29.509062778782482,-14.505803570919268,99928
3.38,173.45683812570874,29.364135011897968,-14.480141425253123,99928
3.385,173.6034779052179,29.291789999681857,-14.456998943183567,99924
3.396,173.92481340320325,29.13290992395044,-14.431152071447316,99924
3.4,174.0412296670409,29.075230447938107,-14.40819431544845,99919
3.411,174.36018588664066,28.91687340560173,-14.382495224568316,99919
3.416,174.50459058645436,28.845019727787026,-14.35897590131588,99914
3.427,174.8210175565951,28.687220587738697,-14.333276810435729,99914
3.431,174.93565184922292,28.629934179247485,-14.31031905443647,99908
3.4419999999999997,175.2497157550134,28.4726580725942,-14.284472182700044,99908
3.447,175.39190060649807,28.40129572918089,-14.261329700631041,99904
3.457,175.6752008649097,28.258808784806575,-14.2356675549648,99904
3.4619999999999997,175.8163170643115,28.187684183845565,-14.212672853751334,99897
3.473,176.1255221652988,28.031489012875365,-14.186715146372835,99897
3.4779999999999998,176.26550239982092,27.96061800386346,-14.163387938233456,99894
3.488,176.5444007943234,27.819113728291946,-14.137467176068968,99894
3.493,176.68331974677866,27.748480461732342,-14.114139967929404,99890
3.504,176.987699551969,27.593366226445223,-14.08818226055095,99890
3.509,177.12549040089488,27.522986551834723,-14.065187559337783,99885
3.5189999999999997,177.4000173942211,27.382464945066022,-14.039525413671607,99885
3.524,177.53675433109626,27.31232301290781,-14.016382931602552,99881
3.5349999999999997,177.83634234949574,27.158289713303787,-13.990536059866171,99881
3.5389999999999997,177.9448636574189,27.10237270133778,-13.967578303867098,99876
3.55,178.24214509907478,26.948862435128795,-13.941879212986901,99876
3.5549999999999997,178.37671525173624,26.879211837371994,-13.918359889734617,99871
3.566,178.67154499235113,26.72625947345105,-13.892660798854472,99871
3.57,178.7783389654499,26.670735529006166,-13.869703042855257,99866
3.581,179.07087834335644,26.518306198480264,-13.84385617111896,99866
3.586,179.20329694317064,26.449146935124865,-13.820713689049558,99861
3.5959999999999996,179.46709774444227,26.311066150866353,-13.795051543383302,99861
3.601,179.59848073837458,26.242144629963246,-13.77205684217004,99855
3.6119999999999997,179.88631156153792,26.090796235120433,-13.74609913479151,99855
3.617,180.01659383987132,26.022128306166433,-13.722771926652376,99849
3.627,180.27612936819742,25.885030190710733,-13.696851164488045,99849
3.6319999999999997,180.40538341066494,25.81660000420903,-13.673523956348781,99844
3.643,180.68853918809123,25.666332545049308,-13.647566248970513,99844
3.6479999999999997,180.81670037631025,25.59815595049671,-13.624571547757366,99839
3.658,181.07200109442368,25.462040503843813,-13.59890940209125,99839
3.663,181.19914141679288,25.39410165174351,-13.575766920021945,99836
3.674,181.47765565748824,25.244915128266864,-13.549920048285628,99836
3.678,181.5785269919994,25.190760580347185,-13.526962292286496,99833
3.689,181.85480735759302,25.042097090265585,-13.501263201406163,99833
3.694,181.97984919123033,24.974649572566687,-13.477743878153658,99828
3.7049999999999996,182.25375540420106,24.826543984773135,-13.452044787273167,99828
3.7089999999999996,182.35295404027318,24.77278250437458,-13.429087031273912,99825
3.7199999999999998,182.62464259217745,24.62519994997606,-13.403240159537567,99825
3.7249999999999996,182.74760116844934,24.558243766678572,-13.380097677468259,99820
3.735,182.99251496883713,24.42456914253587,-13.354435531802183,99820
3.7399999999999998,183.11447098542794,24.357850701690666,-13.33144083058927,99816
3.751,183.3816012326489,24.211349082975236,-13.305483123210982,99816
3.756,183.50249178292174,24.144884234079143,-13.28215591507179,99811
3.766,183.74327690132753,24.01219227873925,-13.25623515290735,99811
3.771,183.86317226193535,23.94596517229545,-13.232907944767772,99807
3.782,184.12577771347927,23.800544489263114,-13.206950237389309,99807
3.787,184.24461546911954,23.734570974768424,-13.183955536176107,99803
3.7969999999999997,184.4813023682763,23.60286168823134,-13.158293390509854,99803
3.802,184.59915230426753,23.53712591618894,-13.135150908440478,99797
3.8129999999999997,184.85726646914046,23.392786168839688,-13.109304036704234,99797
3.8169999999999997,184.95073281274205,23.34039408496633,-13.086346280705273,99792
3.828,185.20668580415523,23.19657737101212,-13.060647189825222,99792
3.8329999999999997,185.3225055468964,23.131332933371127,-13.037127866572908,99788
3.844,185.57616193410465,22.98807412170496,-13.011428775692762,99788
3.848,185.6680102156526,22.93607510535272,-12.98847101969366,99785
3.859,185.91952164343633,22.7933393270816,-12.962624147957346,99785
3.864,186.03332642429385,22.728586223842008,-12.939481665888016,99780
3.8739999999999997,186.25996568005388,22.599317759815122,-12.91381952022178,99780
3.879,186.37280094743122,22.534802399027818,-12.89082481900859,99776
3.8899999999999997,186.61990432059156,22.393147556439782,-12.864867111630192,99776
3.895,186.73170937093192,22.32888578760159,-12.841539903490638,99772
3.905,186.95435653567353,22.200599992377505,-12.815619141326183,99772
3.9099999999999997,187.06519944254967,22.13657596599161,-12.792291933186673,99768
3.921,187.30792827009293,21.99600205908666,-12.766334225808425,99768
3.9259999999999997,187.41774882128252,21.93223162464988,-12.743339524595404,99764
3.936,187.63643435773852,21.8049284982286,-12.717677378929293,99764
3.941,187.74530013548,21.741395806244103,-12.69453489686013,99760
3.952,187.98368792641227,21.60190283502224,-12.66868802512393,99760
3.9559999999999995,188.06999426160655,21.55127321519521,-12.64573026912483,99756
3.9669999999999996,188.30629358072102,21.412303277368387,-12.620031178244503,99756
3.9719999999999995,188.41319746069408,21.3492619197853,-12.596511854991682,99752
3.9829999999999997,188.6472777240216,21.21084988424652,-12.570812764111372,99752
3.987,188.73202063354788,21.160613331940606,-12.547855008112201,99749
3.998,188.96402863909273,21.022724329796866,-12.522008136376106,99749
4.003,189.068985852664,20.960174306615183,-12.498865654307018,99745
4.013,189.27796302005228,20.835312002704104,-12.473203508640944,99745
4.018,189.3819837663442,20.772999721974706,-12.450208807427979,99741
4.029,189.60973396732572,20.63619165551406,-12.42425110004967,99741
4.034,189.71275974586155,20.574132966733774,-12.400923891910383,99737
4.044,189.91788141319506,20.450253331625504,-12.37500312974592,99737
4.0489999999999995,190.0199780944676,20.388432385297513,-12.351675921606219,99733
4.06,190.2435039998919,20.25270525451995,-12.325718214227873,99733
4.0649999999999995,190.34461357475877,20.19113790014107,-12.302723513014618,99730
4.075,190.5459102047704,20.06824093383559,-12.277061367348425,99730
4.08,190.64609805238996,20.006911321909,-12.253918885279072,99726
4.091,190.8654331712633,19.87226512681453,-12.228072013542857,99726
4.095,190.94482448055285,19.823397971033824,-12.20511425754385,99723
4.106,191.1621438292502,19.68927480933439,-12.179415166663688,99723
4.111,191.26043807458328,19.628436531809204,-12.155895843411473,99719
4.122,191.47561591591176,19.494871272397813,-12.130196752531129,99719
4.1259999999999994,191.55349843591867,19.446397184138227,-12.107238996532024,99716
4.137,191.76667672110645,19.313354958121884,-12.081392124795737,99716
4.1419999999999995,191.86309259551948,19.2530080149981,-12.058249642726285,99713
4.152,192.05502013079217,19.13255187120282,-12.032587497059966,99713
4.157,192.15053258412672,19.072442670531327,-12.009592795846675,99711
4.168,192.35960331481104,18.940481380198072,-11.983635088468358,99711
4.173,192.4541560496705,18.880625771475696,-11.960307880329028,99707
4.183,192.64236467585198,18.76115229648323,-11.934387118164713,99707
4.188,192.73602135964896,18.701534430213144,-11.911059910025328,99704
4.199,192.94101804483606,18.570654075562967,-11.885102202646916,99704
4.204,193.03372287150825,18.511289801241986,-11.862107501433766,99701
4.2139999999999995,193.21824305133146,18.39279899505233,-11.836445355767523,99701
4.218999999999999,193.31005919695727,18.33367246318365,-11.813036868157202,99697
4.2299999999999995,193.51101534565328,18.203873044216557,-11.78752250334708,99697
4.234,193.58373661154056,18.156768352482167,-11.76482336384596,99694
4.245,193.78274969170252,18.027491966910127,-11.739308999035913,99694
4.25,193.87274053052366,17.968856769442844,-11.715900511425744,99690
4.26,194.05184367079735,17.85182411696057,-11.690238365759614,99690
4.265,194.1409567647249,17.79342666194559,-11.667243664546419,99687
4.276,194.3359790314372,17.66523121205663,-11.64128595716805,99687
4.281,194.42415979482004,17.60708734899075,-11.617958749028546,99685
4.2909999999999995,194.59965015423322,17.491037365311286,-11.592037986864208,99685
4.296,194.68696054273855,17.43313124469769,-11.568710778724952,99681
4.3069999999999995,194.87802550500737,17.30601673049183,-11.542753071346672,99681
4.312,194.96441142431837,17.248364201827346,-11.519758370133516,99679
4.322,195.136319465604,17.13329688695069,-11.494096224467475,99679
4.327,195.22184238005343,17.075882100738504,-11.47095374239822,99676
4.338,195.40898354688503,16.94984852221572,-11.445106870661926,99676
4.342,195.47669145347734,16.90411322700654,-11.422149114662798,99672
4.353,195.66194603938152,16.778602681878798,-11.396450023782622,99672
4.358,195.74569671114162,16.721679230068016,-11.372930700530297,99670
4.369,195.92894759154206,16.59672658722832,-11.347231609650152,99670
4.373,195.9952437965295,16.55138435954025,-11.324273853651201,99666
4.3839999999999995,196.17662431003782,16.426954750095607,-11.29842698191493,99666
4.389,196.25861797047497,16.370522632686217,-11.27528449984546,99664
4.399,196.42175980018172,16.25789614031976,-11.24962235417919,99664
4.404,196.50290876192614,16.201701765362678,-11.226627652965897,99661
4.415,196.68044871204475,16.0783530916011,-11.200669945587377,99661
4.42,196.76070059252547,16.022412308593132,-11.17734273744786,99658
4.43,196.92036623233528,15.910768485029475,-11.15142197528337,99658
4.435,196.9997807841393,15.855065444473794,-11.128094767143972,99655
4.446,197.1735136798744,15.732797706395312,-11.102137059765615,99655
4.451,197.25203901176505,15.677348257788742,-11.079142358552676,99652
4.460999999999999,197.40825892441083,15.566687103027892,-11.053480212886486,99652
4.466,197.48595429764083,15.511475396873601,-11.03033773081717,99649
4.476999999999999,197.6559136479986,15.390288594478221,-11.004490859081002,99649
4.481,197.71738683980806,15.346315763315351,-10.981533103081848,99646
4.492,197.88553231088036,15.225651994315001,-10.95583401220158,99646
4.497,197.96152373690276,15.170931622562126,-10.932314688949228,99644
4.508,198.1277430508894,15.050825755849816,-10.906615598068973,99644
4.512,198.18785917747934,15.007245992208082,-10.88365784206985,99641
4.523,198.3522808262157,14.887663158890815,-10.857810970333613,99641
4.528,198.42658353639698,14.83343412153934,-10.8346684882644,99637
4.538,198.57437651179288,14.72521378928868,-10.809006342598186,99637
4.543,198.64786756948232,14.6712224943895,-10.786011641385075,99636
4.554,198.8085989048889,14.55272059675532,-10.760053934006704,99636
4.559,198.8812281305955,14.49898289380525,-10.736726725867177,99634
4.569,199.02568150705807,14.391745230357404,-10.710805963702809,99634
4.574,199.0975064502888,14.338245269859627,-10.68747875556344,99631
4.585,199.25458098137184,14.220824307908533,-10.661521048185055,99631
4.59,199.32555195397023,14.167577939359866,-10.638526346971931,99630
4.6,199.46669619423233,14.061322944714826,-10.612864201305786,99630
4.6049999999999995,199.53687025437088,14.008314318618451,-10.58972171923643,99626
4.616,199.6903214901365,13.891974292350445,-10.563874847500145,99626
4.62,199.74580494966557,13.849763925233901,-10.540917091501045,99623
4.631,199.89751500778772,13.733946932360938,-10.515218000620871,99623
4.636,199.96605341620048,13.681429640665966,-10.491698677368463,99621
4.647,200.1159148656549,13.566170550081049,-10.465999586488264,99621
4.651,200.17009589634992,13.524353250485637,-10.44304183048919,99617
4.662,200.31823238219604,13.40961719329576,-10.417194958752862,99617
4.667,200.38515037024948,13.357591236002191,-10.394052476683637,99616
4.677,200.51820694759056,13.253777063867346,-10.368390331017409,99616
4.6819999999999995,200.58434632935302,13.201988849026069,-10.345395629804187,99613
4.693,200.72894275192934,13.08833372751928,-10.319437922425793,99613
4.6979999999999995,200.79425555098993,13.036799104627116,-10.296110714286323,99610
4.708,200.92410912036124,12.933967601295066,-10.270189952121909,99610
4.713,200.98865068314683,12.882670720855193,-10.24686274398231,99607
4.724,201.12974055145955,12.77009653503149,-10.22090503660391,99607
4.729,201.1934633928937,12.719053246540728,-10.197910335390866,99606
4.739,201.32014441702816,12.617204412011493,-10.17224818972471,99606
4.744,201.38310339220334,12.566398865973026,-10.149105707655453,99604
4.755,201.5207202152586,12.45490561583241,-10.123258835919097,99604
4.7589999999999995,201.57045892500966,12.414457712762196,-10.100301079919985,99600
4.77,201.70640727206325,12.30348749601662,-10.07460198903975,99600
4.7749999999999995,201.76779889099447,12.253173284379558,-10.051082665787275,99598
4.786,201.90197617779845,12.142760969922024,-10.025383574906986,99598
4.79,201.95046709510095,12.102706134372927,-10.002425818907804,99595
4.801,202.08299211993852,11.99281685331044,-9.976578947171621,99595
4.806,202.14283161399223,11.942993976074778,-9.953436465102483,99593
4.816,202.26176424953456,11.84358596405574,-9.92777431943638,99593
4.821,202.32085818349807,11.794000829272367,-9.904779618223246,99591
4.832,202.4499933951259,11.685192483892967,-9.878821910844852,99591
4.837,202.50829599566845,11.635860941058706,-9.855494702705526,99589
4.8469999999999995,202.62416221420466,11.537435597842473,-9.829573940541083,99589
4.851999999999999,202.68172662467316,11.488341797460505,-9.806246732401638,99586
4.8629999999999995,202.8075055320972,11.380614387764194,-9.780289025023245,99586
4.867999999999999,202.8642864704952,11.331774179331335,-9.757294323809994,99584
4.878,202.97711673475814,11.2343315049179,-9.731632178143823,99584
4.883,203.03316685309798,11.185729038937335,-9.708223690533561,99581
4.894,203.1556229653245,11.079082564924105,-9.68270932572353,99581
4.898,203.19986190780006,11.04039712590022,-9.660010186222646,99579
4.909,203.3207222456669,10.934273685282035,-9.634495821412623,99579
4.914,203.37527330324457,10.886162553702869,-9.611087333802525,99577
4.9239999999999995,203.4836547420198,10.790178032996838,-9.585425188136409,99577
4.929,203.53748591569217,10.742304643869957,-9.562430486923367,99576
4.9399999999999995,203.6550731814029,10.637262138934867,-9.536472779544964,99576
4.945,203.70814040958487,10.589642341757097,-9.51314557140547,99574
4.955,203.81356155958463,10.49464048985387,-9.487224809241086,99574
4.96,203.8659162738773,10.447258435128402,-9.463897601101609,99573
4.971,203.98026397643818,10.343296865876392,-9.437939893723112,99573
4.976,204.03186260659086,10.296168403100033,-9.414945192510034,99571
4.986,204.13435393054806,10.20214921999961,-9.389283046843902,99571
4.991,204.18524741682745,10.155258499675545,-9.366140564774728,99570
5.002,204.2963890652446,10.052377866106621,-9.340293693038404,99570
5.006,204.33652392771788,10.015061823607923,-9.317335937039275,99567
5.0169999999999995,204.44612628938197,9.91270422343405,-9.291636846159028,99567
5.022,204.49557377901453,9.866304837511379,-9.268117522906548,99564
5.0329999999999995,204.60354288229414,9.76450513962555,-9.24241843202622,99564
5.037,204.64252703999654,9.727582164647977,-9.219460676027014,99561
5.048,204.74897307055826,9.62630550015718,-9.19361380429068,99561
5.053,204.79698979491047,9.580397448635923,-9.170471322221468,99560
5.063,204.89233561343565,9.488819088045695,-9.144809176555322,99560
5.068,204.93966550008338,9.443148778976727,-9.121814475342276,99558
5.079,205.042988708549,9.342953050169019,-9.095856767963857,99558
5.084,205.08958989898727,9.297536333049162,-9.072529559824478,99555
5.093999999999999,205.18211201970055,9.206940641261744,-9.04660879766012,99555
5.099,205.22803374245038,9.16176166659417,-9.023281589520684,99554
5.109999999999999,205.32826763782606,9.062646873469557,-8.997323882142332,99554
5.115,205.37346852571685,9.017721490751097,-8.974329180929265,99554
5.125,205.46319741135113,8.928108467766481,-8.948667035263092,99554
5.13,205.5077262015695,8.88342082750032,-8.925258547652795,99552
5.141,205.60490429286145,8.785386970058786,-8.899744182842753,99552
5.145,205.6399747166786,8.74983339160642,-8.877045043341885,99551
5.156,205.73568622285936,8.652322567559928,-8.851530678531734,99551
5.161,205.77883731191272,8.608126261695169,-8.828122190921396,99548
5.171,205.864477536025,8.519971392417936,-8.802460045255206,99548
5.176,205.90696746355877,8.47601282900547,-8.779465344042038,99546
5.187,205.99967288869718,8.379582940642065,-8.753507636663599,99546
5.192,206.04146150795194,8.33587796917871,-8.730180428524145,99546
5.202,206.1243841624831,8.24870576870429,-8.704259666359693,99546
5.207,206.1655189902343,8.205238539693228,-8.680932458220306,99544
5.218,206.2552518433365,8.109889587012908,-8.654974750841948,99544
5.223,206.2956932241591,8.066675949950957,-8.631980049628899,99543
5.233,206.375928771842,7.9804864182793445,-8.606317903962731,99543
5.2379999999999995,206.41572373117705,7.937510523669684,-8.583175421893507,99541
5.249,206.50251752124927,7.843242506672451,-8.557328550157228,99541
5.253,206.533822106006,7.809058324745279,-8.534370794158056,99539
5.264,206.6192057985737,7.715313341143089,-8.508671703277786,99539
5.269,206.65767612085912,7.672828780934832,-8.485152380025356,99538
5.28,206.7415643569075,7.579641699620686,-8.459453289145126,99538
5.284,206.77181532457107,7.545850585214646,-8.436495533146045,99536
5.295,206.85430967715018,7.453186537295541,-8.410648661409741,99536
5.3,206.89147059375233,7.411193311488686,-8.387506179340544,99534
5.31,206.96516351916316,7.327444602327271,-8.361844033674402,99534
5.3149999999999995,207.00169632044663,7.285689118972709,-8.338849332461306,99533
5.326,207.0813348420433,7.194106006736692,-8.312891625082885,99533
5.3309999999999995,207.11720158432874,7.152604115331241,-8.289564416943367,99533
5.341,207.188313531122,7.0698380749726235,-8.263643654778965,99533
5.346,207.2235595281047,7.028573926019464,-8.240316446639538,99531
5.357,207.30037572772517,6.938071749466533,-8.21435873926116,99531
5.362,207.3349635270602,6.897061192462487,-8.191364038048022,99531
5.372,207.40352495796878,6.815277820906683,-8.165701892381826,99531
5.377,207.43749938201717,6.774505006354927,-8.142559410312586,99529
5.388,207.5115267686676,6.685083765485083,-8.116712538576266,99529
5.3919999999999995,207.53820224338764,6.652662047604243,-8.09375478257721,99526
5.403,207.61089223417554,6.5637638401294405,-8.068055691697019,99526
5.4079999999999995,207.64361031665598,6.523482359979088,-8.044536368444605,99524
5.419,207.71488239934257,6.4351420547923315,-8.018837277564405,99524
5.423,207.7405588933549,6.403113404432606,-7.995879521565302,99522
5.434,207.81050979421408,6.31529613264089,-7.970032649828984,99522
5.439,207.84198676649316,6.275505986891941,-7.946890167759688,99520
5.449,207.90434484945857,6.196163437846333,-7.9212280220934925,99520
5.454,207.9352267526198,6.156611034549676,-7.8982333208803714,99517
5.465,208.00247207255654,6.069874698441048,-7.872275613501933,99517
5.47,208.0327231660006,6.030575887093501,-7.848948405362548,99516
5.4799999999999995,208.09263686131203,5.952216006850698,-7.823027643198145,99516
5.484999999999999,208.1223002556543,5.913154937955443,-7.799700435058704,99515
5.4959999999999996,208.18687350367478,5.827499537529902,-7.773742727680294,99515
5.5009999999999994,208.2159139496503,5.7886920605837595,-7.750748026467136,99515
5.511,208.27341372004065,5.711314849143756,-7.725085880800934,99515
5.516,208.3018738369303,5.672745114649905,-7.701943398731691,99514
5.527,208.36380852204073,5.58817064990745,-7.676096526995371,99514
5.531,208.38609986922657,5.557511396072933,-7.65313877099626,99513
5.542,208.4467698601163,5.47345996472552,-7.6274396801159865,99513
5.547,208.47404193091987,5.435381564633071,-7.60392035686362,99512
5.558,208.53337156212638,5.351888035573703,-7.578221265983421,99512
5.562,208.5547185649899,5.3216218492603025,-7.555263509984358,99511
5.5729999999999995,208.61279971601095,5.2386513535959836,-7.529416638248087,99511
5.577999999999999,208.63889897209486,5.201064287904938,-7.506274156178845,99508
5.588,208.690534668871,5.126127898975132,-7.480612010512687,99508
5.593,208.716071902038,5.088778575736377,-7.4576173092996045,99507
5.604,208.7715977221965,5.006889015755139,-7.4316596019211705,99507
5.609,208.7965393949273,4.969793284465497,-7.4083323937816905,99507
5.619,208.84586729501305,4.895839564338503,-7.382411631617211,99507
5.624,208.8702543148429,4.8589815755011525,-7.359084423477783,99506
5.635,208.92325831314506,4.778172951202999,-7.333126716099335,99506
5.64,208.94705763388907,4.741568554314761,-7.310132014886157,99506
5.6499999999999995,208.9941082000173,4.668597502990573,-7.2844698692199685,99506
5.655,209.0173602378764,4.632230848554619,-7.261327387150744,99506
5.6659999999999995,209.06787592332842,4.552503159939559,-7.23548051541447,99506
5.67,209.0860281254825,4.523606370151359,-7.21252275941541,99505
5.681,209.1353518183558,4.444401714931336,-7.186823668535229,99505
5.686,209.15748410561056,4.408526394896791,-7.16330434528291,99505
5.697,209.20554498721862,4.329879641964813,-7.137605254402713,99505
5.701,209.2228074814358,4.301375919697741,-7.114647498403608,99505
5.712,209.2696925845004,4.223252200160806,-7.088800626667222,99505
5.717,209.29072035251735,4.187868214527663,-7.065658144597907,99502
5.726999999999999,209.3322461193602,4.117337985713672,-7.039995998931764,99502
5.732,209.3527449106611,4.082191742532817,-7.017001297718676,99503
5.742999999999999,209.39722493292308,4.005148958678973,-6.991043590340296,99503
5.748,209.41716341306858,3.970256307447228,-6.967716382200906,99501
5.758,209.45651797418475,3.900708747436043,-6.941795620036562,99501
5.763,209.47593484763019,3.866053838656596,-6.9184684118972,99501
5.774,209.5180432980958,3.790091990485834,-6.892510704518743,99501
5.779,209.53690772173638,3.755690673655498,-6.869516003305546,99501
5.789,209.5741215398586,3.687125782447119,-6.843853857639328,99501
5.794,209.5924717268151,3.6529622080690762,-6.8207113755700455,99501
5.805,209.6322421144905,3.5780812955814,-6.794864503833732,99501
5.809,209.64650015411524,3.550946969839523,-6.771906747834651,99500
5.82,209.6851512508538,3.4765890907468893,-6.746207656954472,99500
5.825,209.70244998268777,3.4429168507702483,-6.722688333702127,99499
5.835999999999999,209.73991581657916,3.369116873965665,-6.69698924282192,99499
5.84,209.75333878465244,3.34237561574491,-6.67403148682281,99498
5.851,209.78970154164222,3.269098672335363,-6.648184615086445,99498
5.856,209.8059640497202,3.2359177667601258,-6.625042133017186,99497
5.866,209.837992342886,3.1697936980619423,-6.599379987350989,99497
5.8709999999999996,209.85375892044868,3.136850534938997,-6.576385286137857,99497
5.882,209.88786684669589,3.0646545272125367,-6.5504275787594395,99497
5.887,209.90310836238424,3.0319649560387023,-6.527100370620029,99496
5.897,209.93310204078685,2.9668235561433196,-6.501179608455639,99496
5.902,209.947854995976,2.934371727421777,-6.4778524003162445,99495
5.913,209.9797416004867,2.863256655378404,-6.451894692937827,99495
5.918,209.9939773551519,2.8310584186059726,-6.428899991724693,99495
5.928,210.0219668815242,2.7668996875134018,-6.403237846058503,99495
5.933,210.0357214457062,2.734939193193262,-6.380095363989279,99495
5.944,210.06542023748665,2.6649050568329757,-6.354248492252944,99495
5.9479999999999995,210.0760290970845,2.6395331951374277,-6.331290736253838,99494
5.959,210.10468129957002,2.570022092172183,-6.305591645373625,99494
5.9639999999999995,210.1174527041113,2.538552932253446,-6.282072322121238,99493
5.975,210.14499719216766,2.4695997315762463,-6.256373231241038,99493
5.979,210.1548256165995,2.4446209374018153,-6.233415475241982,99492
5.99,210.18133972939623,2.3761907701196576,-6.20756860350566,99492
5.995,210.1931432056632,2.345212944602324,-6.184426121436397,99492
6.005,210.21628648140805,2.2834950360199495,-6.158763975770205,99492
6.01,210.22762707336068,2.2527549529549074,-6.135769274557079,99492
6.021,210.25203660547473,2.1854057213558367,-6.109811567178628,99492
6.026,210.262887384834,2.154919230239907,-6.086484359039193,99492
6.036,210.28413263677916,2.094183990460338,-6.060563596874779,99492
6.0409999999999995,210.29452790183998,2.0639352417967,-6.0372363887353595,99492
6.052,210.3168663622776,1.9976669458807155,-6.011278681356939,99492
6.0569999999999995,210.3267796760954,1.9676717891661883,-5.98828398014385,99490
6.067,210.3461573669739,1.9079192181894205,-5.96262183447768,99490
6.072,210.35562253650937,1.8781618039271852,-5.939479352408454,99490
6.083,210.37592343427664,1.8129744436942878,-5.913632480672126,99490
6.087,210.38312809635,1.7893650460450625,-5.890674724673015,99488
6.098,210.4024551064642,1.7247007192072072,-5.864975633792781,99488
6.103,210.41100541184085,1.6954346393463748,-5.841456310540414,99487
6.114,210.42930225594392,1.631328214796564,-5.81575721966019,99487
6.117999999999999,210.4357811192367,1.608111884668462,-5.792799463661098,99487
6.129,210.45312028972208,1.5445284935136934,-5.766952591924759,99487
6.1339999999999995,210.4607709623062,1.515753748054264,-5.743810109855509,99486
6.144,210.47564167688614,1.4584419995876925,-5.718147964189337,99486
6.149,210.48286251135676,1.429904996580555,-5.695153262976239,99485
6.16,210.4982473512194,1.3674025411088733,-5.669195555597804,99485
6.165,210.5050136223775,1.3391191300508472,-5.645868347458379,99485
6.175,210.5181229041214,1.2827900503870868,-5.6199475852939775,99485
6.18,210.52446670718206,1.2547443817813524,-5.596620377154583,99485
6.191,210.53793072542814,1.1933228619927576,-5.570662669776155,99485
6.196,210.5438278265267,1.1655307853361345,-5.547667968563042,99486
6.2059999999999995,210.55520613816745,1.1101843744751803,-5.522005822896857,99486
6.210999999999999,210.56068814118456,1.0826300402708489,-5.498863340827607,99487
6.2219999999999995,210.57226484682027,1.0222894561653408,-5.473016469091276,99487
6.226,210.57631029387161,1.000442522562434,-5.450058713092181,99486
6.237,210.5869858134962,0.9406249718519678,-5.424359622211956,99486
6.242,210.59162124783617,0.9135619720490397,-5.400840298959583,99486
6.253,210.6013441498677,0.8543023236266182,-5.375141208079365,99486
6.257,210.6047184345239,0.8328484575448389,-5.352183452080264,99486
6.268,210.61355636457955,0.7741118425174599,-5.326336580343921,99486
6.273,210.61736046160888,0.7475401771159347,-5.303194098274675,99485
6.2829999999999995,210.62457107128003,0.6946345887651761,-5.277531952608492,99485
6.288,210.62797837639664,0.6683006658159385,-5.254537251395381,99485
6.2989999999999995,210.6350122258896,0.6106449864716504,-5.228579544016954,99485
6.304,210.63800021697463,0.5845646554715238,-5.205252335877549,99488
6.314,210.64358598477335,0.5326417359235718,-5.1793315737131485,99488
6.319,210.6461845539618,0.5067991473757415,-5.156004365573748,99489
6.33,210.65144783189817,0.4502244037145358,-5.130046658195312,99489
6.335,210.65363494840543,0.4246354071158169,-5.107051956982184,99491
6.345,210.65762633706456,0.3736951563706709,-5.081389811315999,99491
6.35,210.6594314016913,0.3483439022242439,-5.058247329246752,99493
6.361,210.6629576170772,0.2928500942461249,-5.032400457510413,99493
6.365,210.66408883160895,0.2727656246895418,-5.009442701511327,99494
6.3759999999999994,210.66678656262567,0.2177948501064693,-4.983743610631114,99494
6.381,210.66781335405705,0.19293493036144085,-4.9602242873787485,99494
6.3919999999999995,210.66963601589873,0.13852205806641307,-4.934525196498533,99494
6.396,210.67015070442076,0.11883065603095243,-4.911567440499443,99495
6.407,210.6711610959285,0.06494081713096228,-4.885720568763101,99495
6.412,210.67142484553102,0.040572231787341394,-4.862578086693854,99497
6.422,210.67158780654944,-0.007927196447608678,-4.8369159410276685,99497
6.427,210.6714878104402,-0.032058039338937805,-4.813921239814546,99498
6.438,210.6708443714451,-0.08486694255584114,-4.787963532436109,99498
6.443,210.67036031058518,-0.10874419349805892,-4.764636324296706,99499
6.452999999999999,210.66903502069476,-0.15626095293020295,-4.738715562132301,99499
6.458,210.66819458413912,-0.17990046142013308,-4.715388353992897,99500
6.468999999999999,210.66593082364736,-0.23162842895394545,-4.689430646614463,99500
6.474,210.66471418369144,-0.25501434549476437,-4.6664359454013455,99501
6.484,210.6619311056251,-0.30154843612410204,-4.640773799735162,99501
6.489,210.66036545998944,-0.324696610212625,-4.616168287190276,99503
6.5,210.65651488700726,-0.3753436420633548,-4.591330019796972,99503
6.504,210.65497685152187,-0.3936656475736103,-4.567334103283603,99504
6.515,210.65037049581238,-0.44378964602929805,-4.544634963782733,99504
6.52,210.64809487246322,-0.4664464857164179,-4.523687027426949,99504
6.531,210.64269099599676,-0.5160125818840609,-4.504944720348837,99504
